id;nom;prenom;email;adresse;telephone;sexe;photo;photo_content_type
1;Euro Bedfordshire hack;Iran Ingenieur;Josselin.Caron@yahoo.fr;Ingenieur PCI web-enabled;0279058531;Feminin;../fake-data/blob/hipster.png;image/png
2;Upgradable Gorgeous Awesome;yellow supply-chains;Benot_Renard10@gmail.com;radical AI Industrial;0755006057;Masculin;../fake-data/blob/hipster.png;image/png
3;encoding withdrawal Bourgogne;solid neutral;Morgan_Carre95@gmail.com;Steel Cambridgeshire Bedfordshire;+33 299561654;Masculin;../fake-data/blob/hipster.png;image/png
4;Technicien Technicien JBOD;primary user-facing;Edme47@yahoo.fr;a Islands invoice;0231251428;Masculin;../fake-data/blob/hipster.png;image/png
5;Refined program;Franche-Comt√© COM;Hugues.Faure@hotmail.fr;Cambridgeshire quantifying Shoes;0459158910;Feminin;../fake-data/blob/hipster.png;image/png
6;Poitou-Charentes b global;Belize;Pascale.Roux@yahoo.fr;Guyane;+33 476464162;Masculin;../fake-data/blob/hipster.png;image/png
7;c Pierre Barbados;Auto supply-chains;Lonne.Guillot@hotmail.fr;partnerships c;0708953869;Masculin;../fake-data/blob/hipster.png;image/png
8;evolve bandwidth;solutions compress;Arthur.Roussel18@yahoo.fr;supply-chains Bedfordshire;+33 739170279;Feminin;../fake-data/blob/hipster.png;image/png
9;THX b;Assistant;Archambaud_Paul53@hotmail.fr;encoding channels b;0358131692;Masculin;../fake-data/blob/hipster.png;image/png
10;state frictionless;Yemeni neural;Monique74@gmail.com;Yen Garden Roumanie;0110054203;Masculin;../fake-data/blob/hipster.png;image/png
