id;nom_program;contenu_program;contenu_program_content_type;annee
1;Adolphe Sénégal b;../fake-data/blob/hipster.png;image/png;2022-06-22
2;b Refined TCP;../fake-data/blob/hipster.png;image/png;2022-06-23
3;engineer Buckinghamshire;../fake-data/blob/hipster.png;image/png;2022-06-23
4;c Synergized quantify;../fake-data/blob/hipster.png;image/png;2022-06-22
5;info-mediaries Producteur Latvian;../fake-data/blob/hipster.png;image/png;2022-06-22
6;SMTP b;../fake-data/blob/hipster.png;image/png;2022-06-23
7;Concrete;../fake-data/blob/hipster.png;image/png;2022-06-23
8;feed c;../fake-data/blob/hipster.png;image/png;2022-06-23
9;visionary;../fake-data/blob/hipster.png;image/png;2022-06-23
10;help-desk Île-de-France;../fake-data/blob/hipster.png;image/png;2022-06-23
